segment,n,mean,lo5,hi95,score,Pr(seg>global)
Fiber optic,773,0.4286224984235206,0.41335080368759214,0.4438780631909267,0.420990683547687,1.0
DSL,605,0.18077913220032338,0.16773431583082296,0.19391668645173105,0.17423353954509635,0.0
No,383,0.07084235688469731,0.059518810504007764,0.08274423968961908,0.06503599958829448,0.0
