segment,n,mean,lo5,hi95
Fiber optic,773,0.4286224984235206,0.41335080368759214,0.4438780631909267
DSL,605,0.18077913220032338,0.16773431583082296,0.19391668645173105
No,383,0.07084235688469731,0.059518810504007764,0.08274423968961908
