segment,n,mean,lo5,hi95,score,Pr(seg>global)
Electronic check,593,0.44862063426604115,0.43133265406815907,0.4651856559322253,0.4401573838000246,1.0
Mailed check,405,0.18974164796807513,0.17368060512515318,0.20613522003437984,0.18162799424076848,6.994405055138486e-15
Credit card (automatic),390,0.16442237931971296,0.14917407174080036,0.18003309165525905,0.15670762434109828,0.0
Bank transfer (automatic),373,0.16307522109355316,0.1480490141522942,0.17839578372894,0.15548852869939173,0.0
