segment,n,mean,lo5,hi95
Electronic check,593,0.44862063426604115,0.43133265406815907,0.4651856559322253
Mailed check,405,0.18974164796807513,0.17368060512515318,0.20613522003437984
Credit card (automatic),390,0.16442237931971296,0.14917407174080036,0.18003309165525905
Bank transfer (automatic),373,0.16307522109355316,0.1480490141522942,0.17839578372894
