segment,n,mean,lo5,hi95,score,Pr(seg>global)
Month-to-month,968,0.4262499535827034,0.41242861586753754,0.43977828534595226,0.4194125362130997,1.0
One year,366,0.11350068128279436,0.09884982060193728,0.12862107461958003,0.10605786777838368,0.0
Two year,427,0.03203275066008573,0.02451309404977838,0.04041442853979064,0.028057417037582664,0.0
