segment,n,mean,lo5,hi95,score,Pr(seg>global)
Electronic check,593,0.4484423073473772,0.4312230570736176,0.4652683803453546,0.43993097652944296,1.0
Mailed check,405,0.18957528000129079,0.1737049754601301,0.20605695300557242,0.18148728561493022,5.773159728050814e-15
Credit card (automatic),390,0.16417645436691577,0.1488002056206593,0.1799905822806334,0.15637886020192227,0.0
Bank transfer (automatic),373,0.16307801817277062,0.14816133357019354,0.1784530604445418,0.15550508645418357,0.0
