segment,n,mean,lo5,hi95,score,Pr(seg>global)
Fiber optic,773,0.4283498864064184,0.4133837530481437,0.4434495232302272,0.42083344386089755,1.0
DSL,605,0.18079801940468512,0.16826801368127206,0.19386434076590575,0.1743989376335267,0.0
No,383,0.0706630044570812,0.059615877585762485,0.08264091421164749,0.06490674530060994,0.0
