segment,n,mean,lo5,hi95
Month-to-month,968,0.4260436291784187,0.41232839576148184,0.439590057962579
One year,366,0.1133228049333311,0.09879056019832648,0.1286970629415384
Two year,427,0.032025327842504746,0.024492545026981404,0.04030525330406889
