segment,n,mean,lo5,hi95
Electronic check,593,0.4484423073473772,0.4312230570736176,0.4652683803453546
Mailed check,405,0.18957528000129079,0.1737049754601301,0.20605695300557242
Credit card (automatic),390,0.16417645436691577,0.1488002056206593,0.1799905822806334
Bank transfer (automatic),373,0.16307801817277062,0.14816133357019354,0.1784530604445418
